<?xml version="1.0" encoding="UTF-8"?>
<templates xml:space="preserve">

    <t t-name="ai_map_widget.Field" owl="1">
        <div class="d-flex align-items-center">
            <input type="text"
                   class="o_input"
                   t-att-value="props.record.data[props.name]"
                   readonly="1"
                   placeholder="Click Select..."/>

            <button class="btn btn-primary ms-2" t-on-click="openMap">
                <i class="fa fa-map-marker me-1"/> Select
            </button>
        </div>
    </t>

    <t t-name="ai_map_widget.MapPopup" owl="1">
        <Dialog title="'Pick Location'">
            <div class="ai-map-popup-wrapper">

                <style>
                    .ai-leaflet-fix .leaflet-pane img {
                        max-width: none !important;
                        max-height: none !important;
                    }
                    .ai-map-container {
                        height: 500px !important;
                        width: 100% !important;
                        background-color: #e9ecef;
                        border: 1px solid #dee2e6;
                    }
                </style>

                <p class="text-muted small mb-2">
                    Click on the map to confirm location.
                </p>

                <div class="ai-leaflet-fix">
                    <div class="ai-map-container" t-ref="mapContainer">
                        <div class="d-flex align-items-center justify-content-center h-100 text-muted">
                            Loading Map...
                        </div>
                    </div>
                </div>

                <div class="mt-2 text-end">
                    <button class="btn btn-secondary btn-sm" t-on-click="props.close">Cancel</button>
                </div>
            </div>
        </Dialog>
    </t>

</templates>